source;target
1;219587
1;14361
1;14981
1;36672
1;167827
1;33486
1;2138
1;3601
1;2
1;27
1;53
1;54
1;56
1;104
1;120
1;121
1;186
1;187
1;208
1;216
1;291
1;325
1;332
1;361
1;363
1;367
1;391
1;400
1;403
1;460
1;469
1;473
1;566
1;847
1;856
1;1935
1;1989
1;2028
1;2081
1;2115
1;2136
1;2161
1;2843
1;2860
1;2875
1;2888
1;2899
1;2915
1;2922
1;2964
1;2979
1;2999
1;3009
1;3045
1;3047
1;3049
1;3051
1;3334
1;3440
1;3447
1;3460
1;3463
1;3464
1;3466
1;3496
1;3528
1;3674
1;3772
1;3854
1;3944
1;3955
1;3990
1;4008
1;4013
1;4015
1;4074
1;4457
1;4467
1;4472
1;4536
1;4681
1;4700
1;4714
1;434751
1;4893
1;4978
1;5000
1;5072
1;5324
1;5410
1;5414
1;5422
1;5789
1;5816
1;6193
1;6207
1;6276
1;6312
1;6346
1;6418
1;6490
1;6580
1;6592
1;7111
1;7174
1;7394
1;7426
1;7472
1;7503
1;7509
1;7574
1;7783
1;7862
1;7864
1;7947
1;7961
1;8047
1;8112
1;998999
1;8493
1;9290
1;9330
1;9476
1;9586
1;9890
1;10002
1;10138
1;10523
1;11424
1;11471
1;11481
1;12158
1;12159
1;12338
1;12412
1;12839
1;13448
1;14411
1;14512
1;14880
1;14986
1;15294
1;15624
1;15790
1;15798
1;15939
1;16298
1;18047
1;18437
1;19078
1;19083
1;19142
1;19324
1;19599
1;19632
1;20413
1;22220
1;24065
1;25254
1;26221
1;26786
1;29239
1;29573
1;30990
1;31950
1;32679
1;32873
1;34906
1;37751
1;40187
1;47196
1;55918
1;59348
1;63261
1;70876
1;85663
1;98406
1;99644
1;110134
1;110917
1;127060
1;164578
1;178089
1;178819
1;182979
1;183188
1;189000
1;219589
1;219593
1;219595
1;219828
1;219832
1;219834
1;219837
1;224613
1;245424
1;260745
1;286838
1;287631
1;292227
1;313801
1;342751
1;365195
1;393329
1;410767
1;502310
1;555370
1;620993
1;683790
1;688255
1;741645
1;24971
1;3476
1;3886
1;3686
1;28592
1;28134
1;944
1;17517
1;6440
1;9268
1;3407
1;7665
1;4044
1;9266
1;5892
1;1975
1;8861
1;7545
1;7681
1;8402
1;140252
1;3959
1;332593
1;8426
1;8340
1;3960
1;8445
1;871
1;9255
1;2971
1;3964
1;9869
1;3974
1;9877
1;410
1;6752
1;15868
1;4656
1;11079
1;10294
1;5416
1;9230
1;22419
1;768757
1;4941
1;9886
1;9920
1;9825
1;7863
1;9117
1;9080
1;3963
1;7553
1;9888
1;9885
1;9881
1;5148
1;9835
1;69179
1;434
1;7794
1;7474
1;60935
1;28053
1;9853
1;9212
1;402
1;569
1;3598
1;185
1;3640
1;6643
1;7517
1;27762
1;5582
1;156768
1;219111
1;468
1;8905
1;52728
1;3641
1;3311
1;3837
1;13785
1;578
1;48562
1;32121
1;6754
1;7785
1;51132
1;386957
1;3539
1;29028
1;424642
1;262
1;401
1;22481
1;9950
1;3961
1;713510
1;52487
1;8917
1;16382
1;9821
1;530
1;684
1;47977
1;9889
1;9882
1;9530
1;9868
1;7270
1;10853
1;11701
1;8336
1;9883
1;9884
1;9880
1;9887
1;5156
1;9876
1;9149
1;9867
1;51747
1;671389
1;65766
1;6829
1;23185
1;59249
1;32882
1;8719
1;59301
1;18860
1;8714
1;3967
1;10141
1;16534
1;7171
1;7787
1;9879
1;5249
1;914270
1;451086
1;9878
1;7825
1;24294
1;9891
1;21394
1;39168
1;8495
1;11676
1;8497
1;21063
1;39092
1;5155
1;19968
1;16325
1;4593
1;16852
1;9044
1;16034
1;11594
1;8746
1;4629
1;8355
1;86541
1;9892
1;8720
1;9874
1;1096867
1;18739
1;312563
1;64531
1;957949
1;10967
1;23346
1;124701
1;19023
1;20598
1;238585
1;31561
1;31981
1;145893
1;674629
1;773349
1;283582
1;93661
1;181189
1;93667
1;33737
1;9860
1;8759
1;9518
1;6311
1;16653
1;127065
1;957947
1;783543
1;29162
1;538056
1;22104
1;278239
1;274413
1;506287
1;1032810
2;219587
2;3600
2;138894
2;52
2;54
2;104
2;332
2;391
2;400
2;403
2;469
2;558
2;600
2;833
2;1935
2;2161
2;2860
2;2983
2;3047
2;3048
2;3049
2;3334
2;3462
2;3463
2;3464
2;3465
2;3467
2;3528
2;3965
2;4096
2;4467
2;4635
2;4649
2;4831
2;4864
2;5071
2;5073
2;5103
2;5909
2;5940
2;6027
2;6028
2;6207
2;6312
2;6592
2;7174
2;7443
2;7476
2;7503
2;7583
2;8093
2;8250
2;8607
2;9181
2;9287
2;9289
2;9964
2;10058
2;10138
2;10484
2;10982
2;10984
2;11131
2;11218
2;11232
2;11243
2;11417
2;11471
2;11521
2;11542
2;11622
2;12158
2;12159
2;12334
2;12658
2;13536
2;14199
2;14402
2;15032
2;15583
2;15644
2;16545
2;17751
2;18023
2;18336
2;19175
2;19598
2;19599
2;20545
2;20612
2;21629
2;21874
2;22117
2;26175
2;44131
2;49725
2;51091
2;65358
2;67147
2;87012
2;113486
2;219589
2;219592
2;219595
2;219834
2;219837
2;241636
2;287928
2;606601
2;68200
2;9455
2;992711
2;21250
2;944
2;11200
2;6440
2;8937
2;10261
2;9264
2;9960
2;4010
2;102819
2;8426
2;8340
2;871
2;9962
2;2971
2;3964
2;3974
2;3957
2;72164
2;19568
2;66103
2;208496
2;10113
2;10181
2;9217
2;9559
2;9969
2;9959
2;9791
2;3537
2;9971
2;9117
2;8721
2;3963
2;9973
2;5151
2;9970
2;9966
2;9957
2;434
2;9212
2;402
2;569
2;10043
2;185
2;9558
2;3640
2;6643
2;9974
2;7517
2;34462
2;12161
2;468
2;8905
2;6285
2;3641
2;26437
2;680678
2;55351
2;3539
2;9104
2;262
2;401
2;8718
2;713510
2;530
2;684
2;9972
2;1
2;8336
2;9976
2;9267
2;9954
2;9967
2;8390
2;131154
2;15786
2;3967
2;9961
2;9965
2;9963
2;6145
2;9955
2;9975
2;9968
2;9977
2;9953
2;9952
2;9951
2;9956
2;4629
2;8355
2;31981
2;22103
2;30972
2;8338
2;20979
2;15050
2;8737
2;449334
2;449335
2;29689
2;19041
2;42760
2;92939
2;394746
2;657495
2;555265
2;368643
2;272368
2;14827
2;89949
2;251827
2;94122
6;49
6;187
6;216
6;391
6;472
6;689
6;700
6;805
6;1586
6;2866
6;15529
6;4653
6;4654
6;5007
6;6593
6;8568
6;9596
6;11274
6;11616
6;13407
6;13444
6;17867
6;24298
6;25297
6;29089
6;29358
6;30136
6;35288
6;72086
6;78105
6;80576
6;96375
6;302580
6;831048
6;3486
6;3886
6;54315
6;186989
6;4669
6;3940
6;757292
6;28356
6;30451
6;15034
6;51746
6;3681
6;268587
6;255689
6;5316
6;6623
6;819
6;45403
6;146
6;50141
6;686
6;25295
6;3336
6;67444
6;20124
6;8101
6;126511
6;134
6;753
6;100419
6;29263
6;706461
6;13173
6;92432
6;25875
6;268878
6;226452
6;21815
6;98037
6;181432
6;59225
6;269153
6;268704
6;64755
6;99830
6;283156
6;267153
6;70047
6;3364
6;726
6;278733
6;277865
6;50147
6;350859
8;2843
8;5734
8;5743
8;6148
8;7641
8;12485
8;17410
8;18065
8;32620
8;37232
8;38963
8;52427
8;537344
8;140725
8;143838
8;454670
8;591395
8;1061524
8;47488
8;5723
8;5736
8;757292
8;794917
8;5892
8;207
8;6309
8;5719
8;5721
8;5728
8;26772
8;33447
8;33972
8;5726
8;32115
8;5720
8;5727
8;5737
8;6669
8;951556
8;46
8;5731
8;5740
8;5730
8;918757
8;613952
8;234785
8;104508
8;5724
8;5732
8;5733
8;438458
8;33392
8;250618
8;5722
8;5725
8;5729
8;468354
8;951583
8;435715
8;787165
8;5735
8;5738
8;5739
8;5741
8;5742
8;87186
8;259416
8;779858
8;502751
8;1080907
8;985532
8;1017402
8;348409
8;720005
8;720006
8;76738
8;562202
8;356243
8;677738
8;140358
8;985533
8;943521
8;104528
8;974233
8;234772
8;671073
8;104536
8;140560
8;104544
8;549470
8;703016
8;973978
8;720008
8;33069
8;47163
8;720023
8;673817
8;671084
8;85866
8;6056
8;31398
8;117032
8;1034689
8;908514
8;68844
8;300519
8;546481
9;219
9;325
9;355
9;513
9;895
9;1972
9;2061
9;2899
9;2949
9;2950
9;3257
9;3283
9;350724
9;7368
9;11599
9;14474
9;20769
9;56839
9;60789
9;86825
9;226886
9;242278
9;467299
9;47878
9;15232
9;761687
9;759849
9;771895
9;50759
9;847666
9;7956
9;69502
9;90024
9;18820
9;16634
9;45647
9;301332
9;362249
9;726419
9;259044
9;109448
9;38976
9;26685
9;68366
9;76848
12;219587
12;473
12;2035
12;5259
12;7426
12;11582
12;13700
12;19169
12;19171
12;19373
12;19765
12;20182
12;20278
12;986926
12;25359
12;33454
12;36603
12;78411
12;219832
12;234100
12;688255
12;20185
12;20542
12;123549
12;473852
12;386616
12;20283
12;234102
12;20196
12;20184
12;20281
12;5185
12;74854
12;20183
12;100530
12;397465
12;760442
12;289736
12;344475
12;35049
12;62966
12;386582
12;20187
12;49797
12;122987
12;20189
12;112256
12;142349
13;39
13;460
13;3047
13;4076
13;6360
13;13226
13;13384
13;13925
13;14844
13;17307
13;18060
13;22953
13;28127
13;31741
13;38080
13;50869
13;66875
13;81542
13;127063
13;219828
13;219837
13;348276
13;620993
13;757292
13;48817
13;105014
13;2957
13;38415
13;3888
13;18592
13;6752
13;15236
13;19225
13;178248
13;8015
13;123170
13;1932
13;743854
13;15363
13;29010
13;69944
13;797033
13;268205
13;179337
13;13938
13;624420
13;753470
14;29659
14;219587
14;305
14;391
14;425
14;2041
14;3462
14;3838
14;5012
14;8037
14;9586
14;11217
14;11637
14;13183
14;13427
14;14133
14;14223
14;15324
14;16318
14;18827
14;21084
14;24641
14;25578
14;26651
14;27105
14;45791
14;55693
14;62015
14;68246
14;68413
14;76039
14;86318
14;112912
14;1097661
14;135697
14;141533
14;143044
14;217908
14;219589
14;219828
14;228804
14;231967
14;258103
14;265607
14;277911
14;306073
14;308993
14;444053
14;459031
14;541057
14;620993
14;773607
14;78545
14;31817
14;7470
14;757292
14;60698
14;1999
14;52302
14;3516
14;7944
14;13927
14;17431
14;18202
14;9460
14;51746
14;90833
14;19058
14;209913
14;687256
14;27365
14;20124
14;37250
14;15179
14;127810
14;139150
14;981045
14;208154
17;517
17;587
17;927
17;6799
17;7443
17;8199
17;16298
17;17365
17;26680
17;7640
17;57442
17;77640
17;93340
17;178466
17;288833
17;361610
17;379658
17;427991
17;452910
17;765331
17;842043
17;908311
17;908325
17;917725
17;947420
17;34185
17;1039646
17;6361
17;93387
17;1076379
17;1066091
17;70106
17;120804
17;28352
17;686277
17;885
17;282939
17;130969
17;9233
17;66540
17;141864
17;1078611
17;93155
17;121144
17;691775
17;953974
17;410490
17;48828
17;237188
18;710
18;4646
18;7751
18;13407
18;19532
18;29185
18;41294
18;168446
18;178165
18;26429
18;13746
18;21071
18;67457
19;921754
19;41542
19;41544
19;158
19;248
19;280
19;479
19;626
19;2113
19;2860
19;3464
19;5437
19;6193
19;7615
19;7621
19;7638
19;8538
19;11234
19;11502
19;14168
19;14629
19;19450
19;22751
19;26175
19;31600
19;31976
19;33539
19;38207
19;39857
19;50497
19;54449
19;59588
19;64543
19;66827
19;107489
19;127817
19;137607
19;142937
19;169393
19;206097
19;227444
19;277882
19;285726
19;350058
19;373881
19;392873
19;409726
19;460929
19;471153
19;555427
19;559892
19;897863
19;41600
19;63615
19;23713
19;973019
19;7117
19;71284
19;757292
19;50640
19;1970
19;294
19;3515
19;293
19;10334
19;13637
19;23385
19;46018
19;4912
19;15034
19;43746
19;364467
19;5450
19;47204
19;2025
19;4004
19;49029
19;22352
19;18589
19;54446
19;47140
19;101291
19;33836
19;326399
19;39277
19;730030
19;1066199
19;33730
19;69568
19;30
19;411714
19;247566
19;307851
19;444111
19;252478
19;314644
19;872854
19;679
19;813076
19;1101878
19;66389
19;28321
19;566454
19;319875
19;268686
19;347010
19;50498
19;30859
19;18082
19;20839
19;350060
19;44323
19;244860
19;867531
19;776139
19;28327
19;525106
19;9340
19;474394
19;324009
19;38728
19;443049
19;5429
21;467
21;82503
21;761656
21;112
21;528
21;700
21;2816
21;3680
21;12364
21;13217
21;33242
21;56416
21;66498
21;145380
21;286359
21;193867
21;191361
21;12292
21;42828
21;13256
21;446769
21;194118
21;247265
21;761155
22;467
22;21
22;26935
22;482
22;528
22;571
22;733
22;3662
22;5398
22;8574
22;12285
22;40646
22;51861
22;56429
22;90420
22;286359
22;950
22;757292
22;30452
22;312545
22;7075
22;207
22;930769
22;247265
22;421127
22;123853
22;64699
22;621332
22;445425
24;135
27;66788
27;219587
27;44408
27;4549
27;28061
27;31316
27;31592
27;4075
27;117
27;120
27;121
27;216
27;332
27;342
27;363
27;391
27;403
27;426
27;460
27;542
27;798
27;856
27;1942
27;1968
27;1976
27;1989
27;1994
27;2032
27;2133
27;2159
27;2843
27;2860
27;3045
27;3047
27;3195
27;3334
27;3374
27;3437
27;3440
27;3528
27;3759
27;3762
27;4025
27;4037
27;4100
27;4457
27;4475
27;4648
27;4740
27;4742
27;4743
27;4809
27;4812
27;4914
27;5071
27;5072
27;5075
27;5290
27;5681
27;5689
27;5690
27;5691
27;5909
27;6239
27;6354
27;6659
27;7162
27;7394
27;7476
27;7510
27;7615
27;7864
27;8250
27;8284
27;9214
27;9269
27;10005
27;10017
27;10487
27;10489
27;10532
27;10624
27;11198
27;11218
27;11465
27;11471
27;11622
27;12210
27;12332
27;12338
27;12447
27;12839
27;14509
27;14546
27;14712
27;14726
27;15037
27;15186
27;15222
27;15518
27;15643
27;15678
27;15783
27;15790
27;15886
27;15905
27;15939
27;16295
27;1028563
27;16628
27;16731
27;16844
27;17365
27;17751
27;18021
27;18029
27;18309
27;18312
27;18322
27;18439
27;18440
27;18812
27;19226
27;19285
27;19287
27;19315
27;19324
27;19599
27;19632
27;19761
27;20412
27;20484
27;20609
27;20611
27;20612
27;21243
27;21312
27;21323
27;21540
27;21604
27;21696
27;21697
27;22100
27;22689
27;23677
27;25254
27;26175
27;26435
27;26947
27;27174
27;27481
27;27514
27;28369
27;28439
27;28536
27;28929
27;29261
27;29577
27;29886
27;30213
27;30473
27;31008
27;31372
27;31668
27;32047
27;32048
27;32910
27;34325
27;35614
27;36265
27;36871
27;37505
27;37520
27;37521
27;38877
27;39069
27;39441
27;39447
27;39461
27;39463
27;40951
27;41363
27;41829
27;42851
27;42899
27;43217
27;43403
27;43758
27;45926
27;48335
27;54185
27;54893
27;56178
27;57336
27;58278
27;58279
27;58280
27;65163
27;67156
27;69217
27;70121
27;70122
27;70123
27;70124
27;70125
27;70126
27;75403
27;77640
27;78362
27;83073
27;86448
27;87932
27;89132
27;94266
27;98950
27;111609
27;116734
27;117238
27;118380
27;121384
27;124097
27;126260
27;127777
27;128229
27;137602
27;140053
27;143072
27;148157
27;195252
27;195765
27;196950
27;206278
27;219589
27;219828
27;219832
27;219834
27;227444
27;232354
27;246652
27;252340
27;253434
27;255016
27;256334
27;258651
27;263343
27;264834
27;266611
27;279565
27;279870
27;283194
27;283201
27;283208
27;290751
27;293368
27;299802
27;305147
27;311573
27;314162
27;320191
27;340659
27;340669
27;340755
27;340757
27;340760
27;342629
27;342638
27;342689
27;342696
27;342707
27;342715
27;342751
27;342753
27;342758
27;342765
27;342869
27;342874
27;342877
27;342885
27;342901
27;342903
27;342905
27;342910
27;342912
27;343409
27;344867
27;361972
27;365394
27;365412
27;378837
27;397889
27;402992
27;406842
27;470155
27;470164
27;620993
27;686833
27;695675
27;696090
27;714544
27;745704
27;857944
27;899706
27;899712
27;899716
27;899721
27;930899
27;71120
27;118430
27;22036
27;309647
27;103027
27;23713
27;180540
27;957939
27;5888
27;557
27;4097
27;31313
27;31570
27;5713
27;7482
27;31593
27;757292
27;1998
27;8503
27;3328
27;759849
27;38875
27;865197
27;167653
27;771895
27;868551
27;1970
27;180360
27;294
27;294809
27;440988
27;6663
27;342742
27;97085
27;1089495
27;15538
27;65165
27;1975
27;71644
27;18784
27;5687
27;85326
27;847666
27;659853
27;906470
27;687
27;11125
27;467828
27;30812
27;37927
27;22108
27;368
27;701033
27;2025
27;42914
27;22690
27;296251
27;73355
27;156768
27;35824
27;12161
27;655041
27;70537
27;8906
27;892075
27;43823
27;356513
27;45935
27;5138
27;60432
27;29028
27;13501
27;1933
27;11615
27;143
27;25785
27;45834
27;166292
27;226699
27;1932
27;226698
27;126800
27;278345
27;5042
27;105
27;342634
27;41231
27;65766
27;31598
27;42191
27;3705
27;115823
27;533
27;18268
27;743854
27;575571
27;19223
27;310850
27;342750
27;161877
27;135276
27;341062
27;920408
27;38975
27;8404
27;70119
27;63520
27;198636
27;70047
27;342658
27;184411
27;342916
27;367544
27;38430
27;342685
27;342881
27;929270
27;70120
27;812456
27;342772
27;342767
27;327832
27;920785
27;276604
27;342687
27;205616
27;4526
27;20866
27;663723
27;57246
27;16500
27;764363
27;375898
27;930635
27;342700
27;64945
27;76688
27;13032
27;342895
27;720521
27;953113
27;181803
27;342899
27;1084520
27;1102704
27;342897
27;134575
27;258004
27;293015
27;393159
27;648755
27;60433
27;283197
27;342744
27;444728
27;342747
27;1023709
27;86462
27;702428
27;296272
27;38786
27;342683
27;57337
27;111003
27;342659
27;1082272
27;351761
27;892076
27;342931
27;790366
27;342709
27;8566
28;219587
28;27536
28;362
28;653
28;2843
28;6148
28;6418
28;7354
28;9589
28;11104
28;12154
28;12333
28;13958
28;14199
28;17366
28;18370
28;19552
28;29865
28;31035
28;31039
28;32620
28;33485
28;35750
28;49060
28;52427
28;59427
28;140810
28;174681
28;193932
28;205208
28;216416
28;223430
28;237030
28;242721
28;279138
28;279691
28;285998
28;305028
28;316458
28;355874
28;392588
28;394330
28;428519
28;430867
28;446996
28;457302
28;457518
28;499594
28;503255
28;511666
28;528777
28;530653
28;534717
28;537059
28;537220
28;542137
28;554829
28;582132
28;591390
28;622854
28;633780
28;658806
28;663195
28;676831
28;705243
28;715017
28;720603
28;727392
28;747757
28;768073
28;790248
28;815171
28;825483
28;840402
28;843089
28;858260
28;879438
28;904391
28;3486
28;1008576
28;33974
28;64846
28;246929
28;342379
28;3258
28;33601
28;21596
28;938260
28;1061497
28;93642
28;83
28;687256
28;29589
28;195508
28;871490
28;842956
28;629302
28;942699
28;842955
28;848575
28;848572
28;848569
28;810888
28;812941
28;692844
28;848566
28;727611
28;951937
28;848568
28;845628
28;340103
28;440682
28;182010
28;824446
28;872577
28;58599
28;767593
28;848556
28;129260
28;228282
28;433016
28;717455
28;728797
28;166149
28;673806
28;340104
28;135567
28;36059
28;216485
28;919706
28;48111
28;733714
28;393168
28;675214
28;971952
28;952803
28;1092826
28;926599
28;818593
28;938257
30;921754
30;331026
30;85711
30;120
30;664
30;19450
30;20095
30;21630
30;21914
30;31976
30;41154
30;50497
30;169393
30;305159
30;307223
30;350058
30;372085
30;460929
30;468300
30;471153
30;559892
30;690988
30;818745
30;285
30;71284
30;43366
30;372083
30;294
30;23385
30;4912
30;5450
30;12378
30;19
30;326399
30;1066199
30;69568
30;411714
30;247566
30;307851
30;444111
30;252478
30;314644
30;872854
30;679
30;813076
30;1101878
30;281859
30;15256
30;345644
30;600919
30;450287
30;430030
30;673925
30;62438
30;18972
32;219587
32;362
32;2843
32;2899
32;5008
32;6592
32;6793
32;23439
32;24512
32;25169
32;748
32;140582
32;20731
33;195
33;653
33;845
33;2115
33;2866
33;3016
33;4606
33;4654
33;6832
33;9476
33;9713
33;9714
33;10484
33;11265
33;11272
33;16564
33;16948
33;17263
33;30427
33;50119
33;93810
33;118400
33;131471
33;131597
33;219585
33;219592
33;219593
33;336412
33;354103
33;429404
33;502310
33;611325
33;813201
33;886887
33;4923
33;131596
33;7335
33;40063
33;101481
33;230366
33;757292
33;245719
33;53906
33;24304
33;63446
33;9715
33;118176
33;579902
33;38040
33;4747
33;19070
33;410
33;26684
33;642262
33;48864
33;2120
33;2029
33;4449
33;240166
33;102806
33;9720
33;852
33;26220
33;753
33;223250
33;3309
33;5361
33;31928
33;11278
33;69704
33;29268
33;978910
33;84211
33;102411
33;596599
33;1002498
33;118076
33;118075
33;418420
33;727984
33;973128
33;48523
33;605595
33;333625
33;700830
33;168842
33;106680
33;102238
33;593252
33;57040
33;223386
33;1092868
33;1096096
33;18052
33;61932
33;126140
33;858308
33;373812
33;377041
33;456743
33;56308
33;474412
33;378777
33;84439
33;184881
33;43873
33;161584
33;100102
33;911793
33;376055
33;278688
35;2875
35;4069
35;5828
35;13804
35;20377
35;21758
35;59030
35;133318
35;171720
35;342118
35;342120
35;367614
35;392880
35;448810
35;502310
35;516626
35;548691
35;551824
35;551826
35;551832
35;551994
35;552465
35;589550
35;651469
35;767946
35;768048
35;768754
35;1004969
35;67893
35;435519
35;452655
35;412462
35;5431
35;41695
35;7636
35;20491
35;7713
35;984834
35;984866
35;612306
35;551993
35;573766
35;767947
35;767944
35;375110
35;327526
35;640473
35;432200
35;767945
35;379304
35;640560
35;1062004
35;18603
35;30012
35;5128
35;46529
35;115172
35;312567
35;864694
35;200712
37;219587
37;391
37;1994
37;2964
37;3361
37;4635
37;4874
37;7170
37;9289
37;9442
37;12300
37;15218
37;18073
37;38627
37;62233
37;63545
37;107841
37;109714
37;130911
37;216252
37;219595
37;227444
37;511335
37;545525
37;759849
37;771895
37;868545
37;868551
37;43712
37;28488
37;847666
37;16559
37;101291
37;64843
37;45053
37;214955
37;33186
37;154920
37;29352
37;19081
37;18033
37;345439
37;525685
37;963055
39;219587
39;10013
39;15730
39;15741
39;15726
39;15736
39;12392
39;15742
39;15740
39;44590
39;45461
39;45508
39;45732
39;45800
39;46604
39;46685
39;58447
39;58500
39;67464
39;77051
39;127055
39;165005
39;369974
39;54
39;91
39;120
39;216
39;291
39;600
39;653
39;765
39;856
39;1994
39;2132
39;2860
39;3017
39;3047
39;3460
39;3715
39;3924
39;4472
39;5227
39;5816
39;6528
39;6592
39;7947
39;10861
39;11009
39;11232
39;14171
39;15035
39;15717
39;15719
39;15721
39;15723
39;15727
39;15729
39;15731
39;15732
39;15733
39;15734
39;16130
39;16576
39;19351
39;21874
39;24431
39;33602
39;40647
39;45150
39;45466
39;45562
39;45801
39;45802
39;45803
39;45809
39;46151
39;288177
39;69794
39;70014
39;86917
39;90793
39;96095
39;113983
39;166202
39;174889
39;183849
39;190009
39;219589
39;231262
39;231277
39;253030
39;253096
39;253695
39;390815
39;460244
39;460929
39;523927
39;542428
39;549576
39;620993
39;557
39;454
39;757292
39;759849
39;16390
39;771895
39;293
39;683
39;19655
39;34418
39;158772
39;24379
39;111603
39;4461
39;130239
39;2020
39;15246
39;155520
39;115298
39;29350
39;28309
39;15724
39;16382
39;44998
39;47700
39;55588
39;33026
39;46322
39;104006
39;954921
39;192788
39;192065
39;18860
39;332488
39;465
39;11624
39;40357
39;807972
39;390812
39;45511
39;523167
39;329988
39;703253
39;371376
39;294491
39;15737
39;548758
39;45259
39;108479
39;713980
39;45514
39;138649
39;3584
39;14903
39;244860
39;718128
39;45836
39;32267
39;267921
39;31923
39;420666
39;459856
39;810772
39;378318
39;201138
39;222120
39;1012798
39;114274
39;656827
39;38119
39;405259
39;258338
39;357439
39;15916
39;667548
41;876
43;653
43;18576
43;137908
43;219592
43;219593
43;219595
43;249350
43;9716
43;24304
43;51910
43;340463
43;186693
43;12437
43;62694
43;30834
43;423732
43;81965
43;820913
43;146767
45;467
45;46328
45;21
45;110
45;161
45;216
45;316
45;482
45;528
45;733
45;789
45;2816
45;2843
45;3219
45;4322
45;4372
45;5398
45;6592
45;6642
45;7410
45;7620
45;8335
45;8460
45;8522
45;12427
45;13444
45;15006
45;15621
45;21513
45;21532
45;23470
45;24068
45;26175
45;33242
45;35853
45;40646
45;43136
45;45060
45;47005
45;63537
45;69120
45;80823
45;87077
45;90420
45;104290
45;184430
45;194797
45;286359
45;334165
45;393468
45;519463
45;620993
45;710114
45;6373
45;591
45;33724
45;31531
45;207
45;4782
45;63310
45;712178
45;61010
45;6495
45;459
45;170677
45;315
45;65173
45;40995
45;58374
45;4373
45;15635
45;25482
45;22857
45;442949
45;945536
45;131378
45;275809
45;82842
45;617622
45;33955
45;317831
45;319970
45;761136
45;411360
45;413946
45;384314
45;136839
45;533307
45;530146
45;167608
45;611754
45;46847
45;3011
45;1094916
45;15592
45;204712
45;247265
45;123853
45;341994
45;51720
45;233141
45;527671
45;280434
45;448
45;294426
45;21041
46;356243
47;44408
47;22592
47;247
47;291
47;355
47;357
47;359
47;513
47;520
47;590
47;631
47;700
47;858
47;939
47;2099
47;2126
47;2949
47;3017
47;3047
47;3257
47;3260
47;3283
47;3325
47;3332
47;4006
47;4058
47;4115
47;4317
47;4484
47;4606
47;4887
47;6101
47;6255
47;7136
47;7163
47;7870
47;8407
47;9526
47;16913
47;18565
47;19146
47;19782
47;19787
47;19788
47;20206
47;20208
47;21342
47;21343
47;21424
47;22138
47;24207
47;24914
47;28112
47;28153
47;28310
47;28699
47;29209
47;30129
47;33273
47;38077
47;43022
47;45760
47;1079341
47;49901
47;54960
47;55918
47;57637
47;71140
47;71267
47;80857
47;87393
47;132196
47;137042
47;137234
47;168396
47;171227
47;198226
47;215781
47;216110
47;219828
47;223080
47;241923
47;274340
47;275121
47;275505
47;298104
47;299555
47;321437
47;338581
47;345032
47;350758
47;415677
47;530474
47;599299
47;620993
47;656129
47;778040
47;788384
47;796271
47;796337
47;180203
47;981304
47;108
47;8061
47;978190
47;40649
47;757292
47;761687
47;759849
47;771895
47;868545
47;868551
47;54370
47;28498
47;245628
47;794917
47;50759
47;207
47;637
47;36263
47;304
47;817748
47;19430
47;19777
47;14472
47;632038
47;26704
47;9345
47;224
47;59420
47;748
47;3661
47;13990
47;50504
47;6478
47;48401
47;775147
47;770488
47;132928
47;33143
47;6828
47;362629
47;270211
47;111794
47;40080
47;275503
47;275454
47;275447
47;599735
47;988722
47;599736
47;599298
47;40079
47;275517
47;705233
47;275461
47;275268
47;809452
47;273469
47;29348
47;353182
47;247425
47;275188
47;78402
47;369492
47;696599
47;792604
47;393984
47;277641
47;275450
47;912067
47;530927
47;743451
47;275432
47;59612
47;21301
47;45942
47;30130
47;4891
47;34213
47;949041
47;38066
47;216276
47;171226
47;824080
47;43029
47;42963
47;38073
47;55268
47;177079
47;3489
47;16427
47;42951
47;29203
47;238508
47;382244
47;301413
47;27976
47;526776
47;22661
47;355945
47;224919
47;258313
47;935836
47;229449
47;171924
47;111792
47;929004
47;378248
47;215974
47;5813
47;303193
47;145422
47;936043
47;27998
47;693472
47;87844
47;52252
48;44408
48;112
48;136
48;219
48;314
48;332
48;505
48;508
48;558
48;639
48;700
48;800
48;858
48;882
48;2900
48;2901
48;3017
48;3506
48;3735
48;3798
48;4052
48;4443
48;350724
48;4492
48;5007
48;5123
48;6593
48;8093
48;9235
48;10754
48;14058
48;15927
48;18867
48;22434
48;24914
48;25169
48;25297
48;26182
48;26332
48;29179
48;29209
48;34685
48;37425
48;46571
48;1079341
48;67147
48;96972
48;125638
48;126603
48;130839
48;169381
48;219837
48;249671
48;265802
48;265977
48;271383
48;283490
48;357618
48;359745
48;413571
48;430339
48;439112
48;454742
48;502310
48;620993
48;108
48;591
48;15231
48;9421
48;37492
48;51
48;757292
48;50194
48;21736
48;207
48;15034
48;4913
48;23389
48;3541
48;26496
48;7517
48;34462
48;33790
48;123752
48;892294
48;13990
48;3285
48;414258
48;168
48;131145
48;2911
48;7647
48;690626
48;183307
48;12509
48;30859
48;80978
48;38378
48;361313
48;306599
48;299999
48;312818
48;625878
48;355263
48;55923
48;414627
48;290175
48;25279
48;147898
48;541798
48;14062
48;372634
48;541187
48;2142
48;435925
48;551532
48;124966
48;61827
48;113553
49;6
49;120
49;391
49;403
49;566
49;928
49;1935
49;1942
49;1989
49;2133
49;2816
49;3462
49;4467
49;4742
49;5010
49;5246
49;6351
49;6593
49;8152
49;10193
49;13217
49;13221
49;14624
49;14701
49;15933
49;18121
49;19364
49;19841
49;21702
49;21870
49;24298
49;24520
49;25297
49;29360
49;40839
49;46960
49;63951
49;101832
49;105495
49;117904
49;153035
49;183833
49;234423
49;234631
49;316990
49;371882
49;371883
49;375627
49;380211
49;430562
49;471825
49;620993
49;810428
49;835400
49;16146
49;142
49;15232
49;944
49;6081
49;7435
49;4900
49;28162
49;8299
49;16174
49;8150
49;15034
49;43746
49;45219
49;26135
49;45071
49;60256
49;115393
49;908691
49;415233
49;183830
49;27444
49;108022
49;21942
49;21739
49;59924
49;116564
49;305528
49;78395
49;583934
49;72489
49;290993
49;65268
49;98356
49;4406
49;28669
49;57443
49;70148
49;74929
49;225385
49;99103
49;283540
49;47286
50;884
50;2950
50;4465
50;6034
50;13224
50;13226
50;13432
50;13451
50;13479
50;13510
50;13888
50;15304
50;15752
50;18504
50;19007
50;19012
50;19824
50;20680
50;23574
50;25187
50;27966
50;33151
50;33295
50;33299
50;33402
50;40647
50;43435
50;51248
50;52871
50;75895
50;78623
50;93639
50;158019
50;170601
50;263688
50;307684
50;357434
50;458725
50;529053
50;560552
50;807475
50;929644
50;220487
50;1034875
50;759849
50;5771
50;771895
50;3793
50;15034
50;847666
50;13744
50;17184
50;353
50;40429
50;30822
50;13704
50;783654
50;14173
50;275797
50;131607
50;13746
50;13833
50;534578
50;954
50;123820
50;179053
50;18820
50;37229
50;27755
50;64333
50;25792
50;15497
50;638
50;64474
50;23884
50;204763
50;231898
50;33809
50;777508
50;13372
50;54954
50;21966
50;653450
50;226028
50;527774
50;113785
50;220215
50;404343
50;275800
50;275804
50;863789
50;705992
50;33294
50;85384
50;585285
50;13913
50;40778
50;762686
50;18209
50;114258
50;177404
50;653453
50;395652
50;151697
50;287090
50;618476
50;611840
50;120568
50;34894
50;77311
50;27967
50;275796
50;355002
50;39883
50;31816
50;597179
50;120779
50;60214
50;66397
50;76025
50;109035
50;275795
50;393926
50;51292
50;389588
50;653448
51;44408
51;48
51;219
51;408
51;514
51;515
51;558
51;639
51;800
51;802
51;882
51;896
51;2899
51;2900
51;3189
51;3332
51;3987
51;4606
51;4887
51;14366
51;24265
51;29562
51;29563
51;29564
51;31894
51;32783
51;38464
51;42257
51;43347
51;43348
51;43670
51;63233
51;65191
51;65293
51;65842
51;67404
51;67821
51;70866
51;76157
51;76971
51;78141
51;78936
51;81581
51;81583
51;81966
51;81968
51;82116
51;82129
51;89054
51;98255
51;106874
51;107799
51;119721
51;119747
51;122137
51;130484
51;140077
51;143404
51;170040
51;171927
51;178746
51;218549
51;241636
51;280844
51;287644
51;289045
51;301089
51;301099
51;301107
51;303336
51;305256
51;320764
51;355753
51;357441
51;392675
51;417351
51;454817
51;654578
51;722279
51;798018
51;805142
51;839729
51;877784
51;909331
51;910618
51;950790
51;880371
51;868551
51;34462
51;122128
51;97253
51;168
51;75821
51;42219
51;99470
51;78599
51;2911
51;960034
51;81216
51;77537
51;122147
51;109009
51;650024
51;109486
51;67377
51;973131
51;267837
51;345839
51;301043
51;65841
51;125487
51;125745
51;127430
51;224182
51;40367
51;109451
51;68854
51;122134
51;517445
51;79658
51;5093
51;75956
51;301352
51;79647
51;316943
51;811672
51;336126
51;23126
51;122142
51;417368
52;219587
52;467
52;3600
52;9068
52;19830
52;43780
52;43942
52;193787
52;48
52;56
52;57
52;120
52;121
52;216
52;248
52;296
52;324
52;391
52;403
52;600
52;942
52;1718
52;1968
52;1994
52;2860
52;2964
52;3195
52;3334
52;3460
52;3496
52;3759
52;3772
52;3887
52;4074
52;4368
52;4812
52;4860
52;4978
52;5071
52;5073
52;5075
52;5103
52;5176
52;5789
52;5909
52;6193
52;6350
52;6370
52;6419
52;7305
52;7476
52;7615
52;7792
52;8493
52;8538
52;9070
52;9181
52;10138
52;11232
52;11616
52;11678
52;12658
52;12702
52;13773
52;14079
52;14169
52;14171
52;14411
52;14509
52;14629
52;14986
52;15187
52;15245
52;15585
52;15790
52;15886
52;17171
52;17840
52;18029
52;18499
52;20205
52;20380
52;20951
52;21064
52;21177
52;21323
52;21437
52;21532
52;21534
52;21602
52;21696
52;21874
52;22106
52;24563
52;25156
52;26175
52;29270
52;29894
52;31200
52;31688
52;36032
52;43917
52;48293
52;50641
52;54185
52;54491
52;54786
52;64543
52;65033
52;70967
52;932180
52;75794
52;76352
52;77660
52;79462
52;80341
52;87932
52;97006
52;102275
52;111431
52;113050
52;1110099
52;1110098
52;127837
52;135545
52;144507
52;146964
52;159095
52;178280
52;184578
52;184580
52;195765
52;219592
52;219837
52;222594
52;266611
52;269833
52;301793
52;306784
52;1025006
52;320191
52;320641
52;322807
52;324763
52;336475
52;338456
52;338466
52;338625
52;338630
52;338638
52;338648
52;338654
52;338668
52;338690
52;338695
52;338697
52;338699
52;338799
52;338822
52;338831
52;338841
52;338850
52;338857
52;338892
52;338896
52;338912
52;338914
52;338916
52;338932
52;338938
52;338943
52;338946
52;338948
52;338950
52;339102
52;339202
52;339525
52;339533
52;339540
52;339542
52;339549
52;339555
52;339569
52;339580
52;339588
52;340659
52;340755
52;340757
52;340760
52;343409
52;343448
52;344867
52;349885
52;352889
52;361972
52;439883
52;479636
52;502802
52;558192
52;586827
52;598401
52;598507
52;598886
52;615096
52;615388
52;620993
52;696090
52;790278
52;833052
52;863893
52;863955
52;864172
52;867445
52;869506
52;871258
52;872818
52;882033
52;67783
52;3476
52;16146
52;6373
52;948392
52;135537
52;338702
52;29240
52;339562
52;191755
52;338652
52;338936
52;338941
52;339246
52;339305
52;339567
52;4097
52;591
52;309018
52;10506
52;966650
52;92288
52;757292
52;1998
52;216717
52;761687
52;592
52;3035
52;31673
52;28356
52;21646
52;4009
52;180360
52;61809
52;214
52;234
52;294809
52;440988
52;22722
52;32224
52;100449
52;109478
52;1089495
52;3793
52;421066
52;263458
52;4912
52;43746
52;291904
52;13981
52;43686
52;21521
52;69273
52;27711
52;754114
52;22214
52;141005
52;925051
52;82105
52;335504
52;145151
52;6617
52;701033
52;121196
52;127027
52;9224
52;191602
52;20491
52;29350
52;53577
52;33836
52;114078
52;616982
52;113385
52;338641
52;31672
52;113068
52;8521
52;238733
52;45271
52;63979
52;338637
52;250523
52;53358
52;423294
52;6356
52;14449
52;615115
52;338661
52;338642
52;57546
52;341107
52;616979
52;33578
52;339599
52;269540
52;4786
52;338666
52;3595
52;19223
52;64995
52;338922
52;338713
52;338689
52;1105073
52;281901
52;338794
52;24606
52;135540
52;735056
52;60246
52;1105332
52;41271
52;338635
52;859178
52;1073792
52;44323
52;184396
52;338677
52;1090235
52;338656
52;181134
52;71890
52;338791
52;67894
52;427009
52;339554
52;338819
52;338840
52;948053
52;23639
52;290192
52;338459
52;29241
52;168991
52;364158
52;137107
52;338855
52;342505
52;64650
52;928552
52;24607
52;339318
52;124661
52;952216
52;868717
52;338663
52;953460
52;123667
52;104041
52;338793
52;33570
52;141945
52;390958
52;338662
52;404697
52;24764
52;339218
52;338934
52;338887
52;338621
52;338824
52;339579
52;338952
52;52507
52;338846
52;338484
52;388408
52;959615
52;107947
52;339310
52;951263
52;72620
52;339307
52;948057
52;451489
52;243563
52;338657
52;193032
52;339133
52;863567
52;961661
52;338487
52;499503
52;64672
52;338688
52;146970
52;339532
52;709312
52;790276
52;12250
52;338675
52;339315
52;338645
52;976864
52;24614
52;15582
52;338708
52;979765
52;617110
52;339572
52;336131
52;128022
52;339290
53;4549
53;37854
53;248
53;291
53;363
53;552
53;1936
53;1942
53;2888
53;3440
53;3466
53;3528
53;3759
53;4812
53;4831
53;4978
53;5404
53;6393
53;7448
53;7472
53;7776
53;7961
53;8250
53;9576
53;10484
53;11458
53;11542
53;12332
53;12333
53;12334
53;12338
53;12403
53;12447
53;12839
53;14166
53;14546
53;14617
53;14712
53;14726
53;15032
53;15047
53;15294
53;15518
53;15643
53;15644
53;15939
53;18023
53;18312
53;18499
53;19169
53;19171
53;19175
53;19178
53;19180
53;19283
53;19284
53;19285
53;19286
53;19287
53;19297
53;19298
53;19308
53;19315
53;19324
53;19598
53;19599
53;19632
53;19765
53;19867
53;19870
53;28315
53;34325
53;34328
53;54185
53;87932
53;94266
53;171186
53;195252
53;195765
53;205232
53;219595
53;219832
53;266611
53;281134
53;320191
53;340659
53;340669
53;340755
53;340757
53;340760
53;340775
53;340784
53;340810
53;340843
53;340848
53;340852
53;340862
53;340864
53;340966
53;341014
53;341016
53;341022
53;341034
53;341042
53;341048
53;341053
53;343409
53;361972
53;388999
53;553497
53;680730
53;696090
53;776842
53;887646
53;912781
53;339665
53;340840
53;340769
53;1998
53;28093
53;54780
53;180360
53;234
53;294809
53;31831
53;440988
53;109478
53;19304
53;14400
53;382143
53;34082
53;734342
53;160574
53;340854
53;340859
53;113069
53;32936
53;920107
53;341018
53;112256
53;184402
53;649501
53;298518
53;340787
53;340789
53;340791
53;340771
53;340818
53;340820
53;340822
53;915154
53;340767
53;340977
53;340825
53;340827
53;340856
53;919986
53;336483
53;352895
53;340830
53;340982
53;340986
53;341004
53;340833
53;340836
53;340995
53;340838
53;913565
53;902954
53;897517
53;340972
53;887233
53;340991
53;369865
53;421332
53;66176
53;340773
53;341029
53;340850
54;104
54;121
54;144
54;170
54;291
54;361
54;363
54;1936
54;1968
54;1989
54;2843
54;2915
54;3195
54;3346
54;3494
54;3759
54;4008
54;4812
54;6349
54;6351
54;6432
54;6592
54;7170
54;7394
54;7726
54;7879
54;8249
54;9289
54;10124
54;10745
54;10982
54;11243
54;11418
54;11622
54;13077
54;16545
54;33948
54;7640
54;54185
54;64135
54;65166
54;75403
54;87932
54;127258
54;172928
54;173296
54;178819
54;195765
54;219832
54;227444
54;266611
54;297517
54;299314
54;320191
54;340659
54;340755
54;340757
54;340760
54;341519
54;341531
54;341534
54;341672
54;341795
54;341860
54;341872
54;342158
54;342160
54;342177
54;342246
54;342255
54;343409
54;361972
54;398938
54;620993
54;696090
54;807833
54;866005
54;341805
54;53942
54;944625
54;339665
54;63615
54;341734
54;341742
54;341772
54;341774
54;341785
54;1038129
54;1998
54;4679
54;32234
54;36323
54;180360
54;234
54;294809
54;440988
54;4044
54;52227
54;343304
54;6617
54;184759
54;50844
54;341792
54;50818
54;278272
54;12858
54;92921
54;341740
54;859091
54;25785
54;226699
54;92942
54;226698
54;4867
54;65303
54;1064044
54;342181
54;341807
54;328010
54;342198
54;19081
54;41840
54;338796
54;92939
54;342254
54;184405
54;342195
54;342193
54;37952
54;952430
54;341862
54;341669
54;92947
54;93139
54;341864
54;341676
54;342243
54;341678
54;92937
54;309807
54;65304
54;1085950
54;173936
54;341744
54;454371
54;352899
54;98543
54;342191
54;92922
54;42275
54;341770
54;341877
54;7079
54;341857
54;92943
54;29433
54;341782
54;341787
54;48177
54;341812
54;341797
54;93142
54;166883
55;10271
55;4549
55;4075
55;27
55;103
55;121
55;208
55;216
55;291
55;292
55;363
55;798
55;856
55;897
55;2124
55;2132
55;2133
55;2136
55;2139
55;2161
55;2860
55;2906
55;2908
55;2964
55;2979
55;3045
55;3195
55;3346
55;3460
55;3461
55;3462
55;3463
55;3464
55;3465
55;3466
55;3467
55;3468
55;3529
55;3599
55;3759
55;3924
55;4096
55;992092
55;4098
55;4099
55;4100
55;4812
55;4978
55;5000
55;5074
55;5285
55;6166
55;6240
55;6439
55;6585
55;6593
55;6709
55;7963
55;8384
55;10754
55;11521
55;14986
55;15222
55;15507
55;15678
55;15937
55;17867
55;18336
55;19078
55;19142
55;19169
55;19171
55;19371
55;19434
55;20289
55;21243
55;21312
55;21390
55;22037
55;22242
55;27716
55;28890
55;29488
55;29802
55;30072
55;30845
55;32074
55;33202
55;33883
55;34576
55;40251
55;40255
55;40777
55;40951
55;42899
55;54185
55;57364
55;58772
55;60229
55;64792
55;72947
55;81931
55;87725
55;87932
55;102275
55;102465
55;107633
55;176603
55;195765
55;200748
55;214641
55;219595
55;219828
55;219832
55;219834
55;219837
55;234100
55;266611
55;273174
55;282572
55;320191
55;320940
55;340755
55;340757
55;340760
55;343100
55;343119
55;343130
55;343141
55;343145
55;343197
55;343200
55;343214
55;343248
55;343251
55;343409
55;352903
55;361972
55;543124
55;556169
55;696090
55;804147
55;804148
55;834370
55;876239
55;890036
55;22036
55;55134
55;4097
55;919425
55;45118
55;92288
55;757292
55;1998
55;33030
55;15677
55;180360
55;234
55;4866
55;294809
55;31831
55;440988
55;4668
55;1089495
55;65165
55;55132
55;270795
55;4462
55;127027
55;51465
55;343017
55;343023
55;382143
55;190701
55;11615
55;343014
55;72111
55;435690
55;226699
55;16191
55;40182
55;226698
55;70630
55;438999
55;343117
55;5014
55;21408
55;343013
55;28318
55;505043
55;305532
55;65789
55;1104461
55;920250
55;571247
55;146385
55;15938
55;804144
55;58771
55;919986
55;184407
55;191112
55;53426
55;305883
55;921163
55;269370
55;929762
55;504075
55;343068
55;343021
55;343026
55;138713
55;147558
55;49882
55;865990
55;53538
55;873238
55;343191
55;111147
55;98549
55;343206
55;709862
55;305283
55;305472
55;40127
55;305473
55;343221
55;343202
55;343136
55;343218
55;343132
55;413376
55;279448
55;343188
56;3600
56;342394
56;52309
56;926969
56;51957
56;52
56;55
56;103
56;121
56;208
56;216
56;291
56;292
56;324
56;363
56;391
56;403
56;600
56;856
56;897
56;1718
56;1994
56;2124
56;2133
56;2136
56;2161
56;2860
56;2906
56;2964
56;2979
56;3045
56;3334
56;3460
56;3461
56;3462
56;3463
56;3464
56;3465
56;3466
56;3467
56;3468
56;3529
56;3599
56;3759
56;3772
56;4074
56;4096
56;992092
56;4098
56;4099
56;4100
56;4812
56;4860
56;5000
56;5071
56;5073
56;5074
56;5075
56;5103
56;5789
56;5909
56;6193
56;6240
56;6350
56;6370
56;6439
56;7476
56;7615
56;7792
56;7963
56;8384
56;8493
56;9181
56;9440
56;10138
56;11232
56;11521
56;12658
56;13773
56;14171
56;14411
56;14629
56;14986
56;15222
56;15245
56;15790
56;15886
56;15937
56;16844
56;17171
56;17840
56;18029
56;18336
56;18499
56;19078
56;19169
56;19171
56;20205
56;20289
56;20380
56;21243
56;21312
56;21323
56;21390
56;21437
56;21532
56;21534
56;21602
56;21696
56;21874
56;22037
56;22242
56;23558
56;26175
56;27716
56;28890
56;29260
56;29488
56;30845
56;40647
56;40472
56;40777
56;44503
56;52480
56;54185
56;54491
56;62075
56;64291
56;64543
56;64792
56;72541
56;87932
56;100583
56;195765
56;219595
56;219828
56;219832
56;219834
56;266611
56;320191
56;340757
56;340760
56;342392
56;342398
56;342401
56;342437
56;342441
56;342444
56;342494
56;342498
56;342595
56;343409
56;347432
56;361972
56;558192
56;620993
56;696090
56;897854
56;914745
56;435692
56;22036
56;3476
56;342274
56;4097
56;342271
56;277532
56;757292
56;1998
56;759849
56;14230
56;592
56;9268
56;31673
56;21646
56;8413
56;180360
56;234
56;294809
56;31831
56;440988
56;3978
56;32474
56;10008
56;3963
56;2025
56;44006
56;45071
56;11615
56;397181
56;72611
56;63590
56;13918
56;51954
56;46436
56;438999
56;17838
56;21408
56;28318
56;505043
56;342400
56;63628
56;64315
56;184400
56;8715
56;801366
56;912365
56;342386
56;63050
56;342496
56;63580
56;32209
56;72540
56;63618
56;70971
56;342612
56;342623
56;342621
56;342439
56;342446
56;962666
56;342390
56;826259
56;62096
56;342617
56;962668
56;342625
57;144
57;248
57;324
57;884
57;1942
57;2110
57;2875
57;4031
57;23574
57;24297
57;24298
57;34576
57;103595
57;205979
57;219837
57;273174
57;420870
57;525037
57;3476
57;16146
57;981853
57;6081
57;757292
57;12259
57;759849
57;312
57;108008
57;14057
57;15034
57;326890
57;356498
57;133992
57;162
57;158772
57;819
57;11074
57;7107
57;548
57;13989
57;67559
57;79540
57;29263
57;121334
57;467148
57;47476
57;373653
57;202691
58;444
58;772
58;798
58;2816
58;3319
58;6642
58;9089
58;112641
58;502100
58;4363
58;312
58;114693
58;4900
58;8299
58;2957
58;3793
58;127265
58;353
58;6103
58;484842
58;63408
58;63610
58;40522
61;62
62;22924
62;30975
62;31086
62;42265
62;54550
62;55237
62;62507
62;309032
62;8740
62;219
62;511
62;525
62;628
62;2949
62;3518
62;3707
62;3750
62;4616
62;4618
62;4646
62;5812
62;5899
62;11599
62;11614
62;14162
62;15293
62;15297
62;15300
62;15887
62;18176
62;19903
62;21991
62;22764
62;1061528
62;22923
62;30270
62;33127
62;34884
62;42084
62;46183
62;47652
62;51487
62;51523
62;55402
62;77142
62;77148
62;78223
62;107489
62;122243
62;160442
62;177174
62;191821
62;218633
62;220225
62;225205
62;243188
62;243492
62;243687
62;244705
62;246108
62;248357
62;253133
62;253140
62;253146
62;259845
62;282906
62;309367
62;332670
62;456286
62;530718
62;572798
62;727039
62;727049
62;727365
62;285
62;963450
62;13374
62;757292
62;759849
62;771895
62;868551
62;11143
62;787830
62;27627
62;816755
62;13637
62;1062504
62;219233
62;2106
62;22108
62;124804
62;51448
62;2876
62;954
62;18880
62;23861
62;34779
62;55760
62;48417
62;11624
62;21995
62;21723
62;42928
62;343881
62;22324
62;36510
62;955185
62;54553
62;24780
62;48420
62;258376
62;220443
62;14536
62;697560
62;219622
62;160365
62;77214
62;465670
62;331291
62;202378
62;475311
62;369170
62;41171
62;22432
62;160366
62;225206
62;259609
62;51296
62;55238
62;309342
62;210077
62;225207
62;13997
63;467
63;39
63;161
63;426
63;508
63;513
63;898
63;988370
63;3219
63;3266
63;3662
63;5123
63;18528
63;28036
63;56429
63;242760
63;359683
63;791
63;591
63;5526
63;3263
63;748
63;418
63;3777
63;3455
63;4033
63;12655
63;3595
63;5547
63;414260
63;28111
63;413394
63;209903
63;629774
63;6459
68;280
68;525
68;710
68;2133
68;2950
68;3051
68;3997
68;4475
68;4964
68;11234
68;14167
68;83800
68;49199
68;146
68;10010
68;15590
68;45745
68;844223
68;1088459
68;113976
68;19871
68;546897
69;112
69;587
69;3702
69;9060
69;26786
69;311908
69;316702
69;602643
69;12460
69;1018172
69;87
69;288569
69;537
69;70
69;6364
69;12688
69;22714
69;1080090
70;646
70;939
70;2136
70;3990
70;5505
70;7161
70;10000
70;14624
70;30010
70;219589
70;443
70;1013597
70;4711
70;8299
70;4912
70;63310
70;55142
70;4712
70;3033
70;207631
70;1018172
70;527942
70;19503
70;270643
71;219587
71;737963
71;351637
71;173
71;426
71;479
71;3219
71;6642
71;7952
71;13925
71;19145
71;30407
71;30411
71;46899
71;46931
71;57645
71;60077
71;87438
71;207591
71;419784
71;433710
71;511476
71;519369
71;519533
71;519620
71;519720
71;519910
71;522189
71;522286
71;522299
71;522533
71;522675
71;522803
71;523514
71;524625
71;531213
71;534413
71;535415
71;536551
71;587966
71;621868
71;753870
71;19345
71;642
71;114693
71;2904
71;3516
71;606
71;199691
71;46642
71;173579
71;114296
71;46952
71;70154
71;61006
71;28041
71;4060
71;726214
71;1005223
71;66209
71;40994
71;7636
71;421350
71;309242
71;3336
71;109126
71;43564
71;457
71;71244
71;40626
71;345919
71;59311
71;770998
71;335806
71;100530
71;46950
71;78689
71;66208
71;199690
71;948433
71;281333
71;47246
71;146394
71;217301
71;721448
71;704276
71;38957
71;500607
71;993909
71;935021
71;64705
71;241698
71;519905
71;59137
71;729835
71;158460
71;158476
71;563920
71;277401
71;46956
71;225162
71;44334
74;710
74;807
74;4475
74;4646
74;6276
74;7751
74;11608
74;21794
74;39585
74;77687
74;79714
74;47878
74;45362
74;4716
74;5935
74;39558
74;94237
74;284
76;525
76;19907
76;19839
76;912
76;21014
76;21746
76;218889
80;11502
80;13963
80;38118
80;19
80;25482
80;3453
80;33764
80;223357
80;64929
83;219587
83;4549
83;28
83;216
83;460
83;856
83;939
83;2160
83;2843
83;3047
83;3048
83;3049
83;3050
83;3463
83;5227
83;6148
83;6416
83;8935
83;9141
83;10124
83;11604
83;21243
83;23677
83;24492
83;31035
83;31039
83;31668
83;33284
83;33485
83;46892
83;48533
83;55430
83;109977
83;174681
83;184246
83;219589
83;452369
83;591390
83;620993
83;879438
83;78545
83;642
83;38314
83;342379
83;3258
83;33601
83;95605
83;21596
83;1061497
83;121061
83;31001
83;29589
83;156778
83;159060
83;437006
83;48111
83;18860
83;70
83;733714
83;675214
83;733716
83;27478
83;976235
83;1032565
83;818605
83;729596
83;44594
83;24416
83;251830
83;837729
83;508036
83;930955
83;441681
85;33
85;62
85;195
85;305
85;639
85;653
85;5505
85;5504
85;3486
85;2114
85;752
85;207
85;7681
85;20464
85;753
85;351533
85;3985
85;19854
87;70
88;70
89;887394
89;69145
89;120
89;216
89;600
89;833
89;949
89;1718
89;3195
89;4860
89;5403
89;7410
89;8614
89;17171
89;17173
89;17840
89;21586
89;26435
89;29156
89;29962
89;34678
89;35849
89;36056
89;36400
89;36600
89;42155
89;72476
89;88003
89;93440
89;95886
89;125933
89;131474
89;143860
89;193910
89;195765
89;198693
89;205603
89;223604
89;223608
89;223880
89;223985
89;316427
89;324337
89;340414
89;351978
89;361158
89;365040
89;393626
89;446123
89;505265
89;530267
89;531100
89;600979
89;620993
89;794539
89;812311
89;817932
89;64087
89;25220
89;953417
89;98280
89;92288
89;759849
89;312
89;868545
89;6710
89;294809
89;63142
89;38249
89;10606
89;461094
89;97619
89;4003
89;728412
89;277017
89;317193
89;47705
89;191535
89;7420
89;422402
89;529595
89;386957
89;307419
89;924924
89;219922
89;601374
89;160574
89;161810
89;88517
89;557374
89;185601
89;282251
89;557368
89;557365
89;531222
89;223601
89;191532
89;31459
89;192788
89;735443
89;49189
89;36380
89;314445
89;434748
89;394674
89;600555
89;505268
89;594250
89;18459
89;104423
89;191537
89;213370
89;667221
89;223595
89;427582
89;105678
89;409069
89;14535
89;52507
89;62967
89;4652
89;15589
89;611059
89;340415
89;675208
89;617626
89;902009
89;36058
89;937388
89;431548
89;715039
89;861100
89;645693
89;861101
89;570514
89;18458
89;533134
89;446121
89;994883
89;143123
89;877375
89;93650
89;446125
89;18460
89;592560
89;276427
89;604988
89;4105
89;559014
89;936358
89;208578
89;296387
89;994946
89;427492
89;213377
89;600248
89;600251
89;49151
89;33515
89;861099
89;967517
89;601678
89;922119
90;646
90;939
90;3398
90;7315
90;7870
90;53042
90;6303
90;3793
90;304
90;935
90;32525
90;11229
90;1988
91;10013
91;15730
91;15741
91;15726
91;15736
91;12392
91;15742
91;15740
91;32269
91;44590
91;45461
91;45508
91;45800
91;46685
91;55036
91;58447
91;58500
91;67464
91;77051
91;127055
91;165005
91;369974
91;39
91;62
91;765
91;2843
91;3715
91;15717
91;15719
91;15721
91;15723
91;15727
91;15729
91;15731
91;15732
91;15733
91;15734
91;16130
91;16576
91;33602
91;45150
91;45466
91;45562
91;45801
91;45802
91;45803
91;45809
91;46151
91;86917
91;90793
91;113983
91;128149
91;183849
91;231262
91;390815
91;390880
91;402199
91;460244
91;523927
91;542428
91;549576
91;102
91;454
91;293
91;130239
91;44592
91;15724
91;79977
91;336045
91;41823
91;371716
91;55588
91;33026
91;465
91;390812
91;45511
91;523167
91;329988
91;703253
91;371376
91;294491
91;15737
91;548758
91;45259
91;108479
91;713980
91;45514
91;56977
91;130237
91;37680
91;371375
91;794033
93;747219
93;53680
93;370304
94;62
94;359
94;5504
94;500
94;4061
94;40778
94;320703
94;50007
98;4365
98;7733
98;11274
98;178022
98;207
98;81596
98;25174
98;70021
98;7877
98;52033
98;4046
98;49886
98;202005
98;834147
98;335740
98;845699
100;219587
100;216
100;248
100;363
100;772
100;1994
100;2915
100;2950
100;3523
100;5812
100;6593
100;7776
100;10861
100;11603
100;18480
100;18965
100;19031
100;23574
100;23811
100;34328
100;36488
100;57032
100;66770
100;101278
100;105295
100;136807
100;300334
100;301556
100;338355
100;387484
100;387486
100;620993
100;68685
100;757292
100;759849
100;157464
100;771895
100;868545
100;868551
100;3407
100;13519
100;19505
100;151
100;14066
100;21130
100;3954
100;29350
100;16301
100;293297
100;57040
100;64219
100;54954
100;10872
100;56003
100;51147
100;157460
100;157463
100;169510
100;391140
100;71610
101;66788
101;8740
101;47
101;50
101;62
101;243
101;247
101;324
101;394
101;425
101;511
101;520
101;525
101;628
101;636
101;700
101;849
101;939
101;2110
101;2889
101;3280
101;3518
101;3922
101;4037
101;4115
101;4472
101;4606
101;4613
101;5757
101;5812
101;5899
101;7947
101;9424
101;10861
101;11614
101;12379
101;13451
101;14168
101;14474
101;20676
101;21702
101;21710
101;21991
101;23574
101;24960
101;30260
101;30270
101;30387
101;32585
101;34600
101;34884
101;38924
101;41575
101;42078
101;42084
101;45181
101;47219
101;52871
101;54681
101;55030
101;55780
101;56763
101;67014
101;67212
101;70014
101;71578
101;73044
101;75895
101;87074
101;93639
101;105138
101;115358
101;119077
101;177194
101;185094
101;191821
101;198155
101;211132
101;214735
101;245908
101;253260
101;261629
101;263688
101;273966
101;282606
101;283786
101;288222
101;291956
101;324741
101;332098
101;361186
101;471290
101;478815
101;672374
101;828318
101;41153
101;961243
101;9501
101;48345
101;3936
101;12513
101;102
101;33478
101;1048804
101;16390
101;3914
101;5771
101;15881
101;787830
101;1970
101;13637
101;50759
101;1062504
101;42824
101;4110
101;70459
101;22108
101;43194
101;107881
101;246590
101;35685
101;53916
101;553034
101;444954
101;67010
101;190463
101;9572
101;954
101;42082
101;638
101;213374
101;18880
101;330200
101;3705
101;75305
101;42963
101;33730
101;55760
101;59963
101;3821
101;11624
101;21723
101;522842
101;7941
101;43188
101;43191
101;66201
101;220215
101;863789
101;395652
101;151697
101;258376
101;14536
101;9283
101;13473
101;1084731
101;55091
101;42079
101;309594
101;892894
101;18481
101;247540
101;186185
101;669747
101;345008
101;454816
101;169
101;166978
101;42081
101;691213
101;10595
101;106406
101;331051
101;71895
101;596972
101;446682
101;71075
101;1091200
101;64259
101;36165
101;277093
101;39282
101;93899
101;449712
101;273916
101;72867
101;72834
101;40784
101;462493
101;67020
101;35860
101;63319
101;301808
101;30979
101;534299
101;171228
101;279556
101;67019
101;284095
101;17007
101;43300
102;101
102;243
102;700
102;5121
102;9424
102;30303
102;46183
102;200523
102;202619
102;250506
102;311037
102;471299
102;657469
102;10907
102;22108
102;246590
102;868053
102;69568
102;247566
102;55760
102;312165
102;247540
102;186185
102;169
102;35860
102;213435
102;215915
102;199793
102;961126
102;391115
102;199762
102;323166
102;247542
102;508521
102;453306
102;375165
103;219587
103;467
103;13920
103;3601
103;50
103;55
103;121
103;127
103;208
103;216
103;291
103;292
103;363
103;856
103;897
103;2124
103;2132
103;2133
103;2136
103;2139
103;2161
103;2860
103;2906
103;2964
103;2979
103;3045
103;3195
103;3346
103;3422
103;3460
103;3461
103;3462
103;3463
103;3464
103;3465
103;3466
103;3467
103;3468
103;3529
103;3597
103;3599
103;3759
103;3790
103;4096
103;992092
103;4098
103;4099
103;4100
103;4484
103;4812
103;5000
103;5074
103;5843
103;6240
103;6439
103;7963
103;8384
103;9576
103;11521
103;14986
103;15222
103;15937
103;15939
103;18336
103;19078
103;19169
103;19171
103;20289
103;20535
103;21243
103;21312
103;21390
103;22037
103;22242
103;24563
103;27716
103;28890
103;29089
103;29488
103;30010
103;30845
103;33202
103;38008
103;40777
103;42899
103;48533
103;49725
103;51053
103;54185
103;55428
103;59555
103;64792
103;65163
103;70224
103;72188
103;80576
103;87932
103;89744
103;115820
103;118591
103;118607
103;118615
103;118648
103;118666
103;118837
103;118969
103;119222
103;119663
103;119665
103;119666
103;120687
103;122784
103;132114
103;152387
103;152981
103;165337
103;172943
103;190948
103;195765
103;209786
103;219303
103;219589
103;219592
103;219595
103;219828
103;219832
103;219834
103;226906
103;266611
103;267880
103;268609
103;276435
103;320191
103;332115
103;340659
103;340755
103;340757
103;340760
103;343130
103;343409
103;344867
103;350317
103;350448
103;350452
103;350456
103;350461
103;350464
103;350471
103;350507
103;350590
103;350646
103;350801
103;350897
103;350936
103;350939
103;350945
103;350947
103;351091
103;351099
103;351116
103;351118
103;351122
103;351450
103;351457
103;351461
103;351729
103;351733
103;351743
103;351933
103;351945
103;351956
103;351966
103;351968
103;352869
103;352871
103;352874
103;352876
103;352880
103;352882
103;352885
103;356764
103;356766
103;356771
103;361972
103;410767
103;508661
103;509058
103;524618
103;620993
103;696090
103;743207
103;799730
103;22036
103;63035
103;350494
103;106954
103;192880
103;968564
103;968563
103;968562
103;55134
103;770436
103;4097
103;351976
103;350796
103;757292
103;1998
103;759849
103;312
103;351735
103;350798
103;575569
103;771895
103;868545
103;575567
103;180360
103;234
103;294809
103;440988
103;97085
103;41468
103;207
103;65165
103;7210
103;45219
103;55132
103;6617
103;3598
103;127027
103;57830
103;382143
103;17052
103;451608
103;57090
103;67444
103;11615
103;56919
103;226699
103;47700
103;226698
103;350923
103;351748
103;352887
103;141216
103;20513
103;438999
103;804525
103;350429
103;91279
103;21408
103;28318
103;505043
103;919882
103;351454
103;48082
103;618773
103;191112
103;111147
103;183800
103;22666
103;134235
103;350588
103;351745
103;351930
103;618865
103;414358
103;351111
103;350640
103;954619
103;350425
103;350322
103;350395
103;350313
103;351954
103;318158
103;350504
103;77729
103;351955
103;350444
103;351465
103;351973
103;350800
103;350165
103;350303
103;312879
103;350941
103;60852
103;350482
103;6812
103;351470
103;21933
103;351468
103;350629
103;351109
103;350484
103;37642
103;350300
103;25515
103;258806
103;351738
103;350454
103;350423
103;76382
103;350635
103;435694
103;351727
103;351105
103;352883
103;351750
103;110879
103;351948
103;63913
103;351452
103;874632
103;350439
103;661455
103;350912
103;416621
103;353013
103;336517
103;618866
103;351947
103;351093
103;351463
103;280274
103;351753
103;350427
103;350433
103;350315
103;351961
103;938105
103;24732
103;350943
103;29675
103;350893
103;90573
103;55047
103;351963
103;350903
103;350510
103;350480
103;64051
103;350502
103;350631
103;260633
103;351459
103;350450
103;19586
103;351731
103;350405
103;41382
103;351755
103;350442
103;356768
103;350401
103;94732
103;350397
103;54977
103;351096
103;117074
103;144861
103;350436
103;343204
103;350633
104;219587
104;72405
104;54
104;121
104;219
104;325
104;403
104;497
104;803
104;949
104;1934
104;1942
104;1989
104;2113
104;2915
104;2991
104;3195
104;3346
104;3466
104;3597
104;3759
104;3937
104;4008
104;4812
104;4978
104;5843
104;6349
104;6351
104;6432
104;7162
104;7394
104;7805
104;7879
104;8249
104;9289
104;1014334
104;10982
104;11243
104;11418
104;11622
104;15059
104;16545
104;19370
104;19841
104;32001
104;32157
104;34087
104;36780
104;38281
104;39429
104;42899
104;54185
104;65163
104;72829
104;87932
104;102412
104;135834
104;137405
104;140810
104;191813
104;195765
104;209597
104;219832
104;219837
104;269736
104;320191
104;343409
104;361972
104;368659
104;511650
104;589249
104;620993
104;651905
104;696090
104;899702
104;899703
104;899704
104;339665
104;38591
104;970538
104;557
104;603074
104;7605
104;23668
104;757292
104;1998
104;9597
104;759849
104;18339
104;3516
104;36323
104;180360
104;234
104;294809
104;440988
104;4044
104;943
104;26499
104;699
104;28488
104;343304
104;12646
104;4751
104;151
104;414
104;14400
104;32156
104;32104
104;25785
104;32158
104;887333
104;64843
104;218026
104;33836
104;32222
104;444255
104;226699
104;19
104;226698
104;20398
104;808227
104;3986
104;4786
104;43562
104;951118
104;599102
104;21372
104;19524
104;434748
104;16631
104;45851
104;807841
104;57557
104;377168
104;358889
104;139028
104;4527
104;32217
104;357133
104;391715
104;1105175
104;279398
104;14212
104;357134
104;191072
104;953510
104;721785
104;970564
104;395024
104;661386
104;887665
104;92241
104;736707
104;366353
104;336667
104;346172
104;736708
104;887480
104;440788
104;736720
104;736734
104;736706
104;1067091
105;824659
108;467
108;47
108;112
108;247
108;355
108;515
108;520
108;700
108;2099
108;2136
108;2949
108;3257
108;3280
108;3325
108;4442
108;4887
108;5001
108;6101
108;6640
108;7870
108;11599
108;15002
108;19788
108;21343
108;21424
108;28153
108;39549
108;57431
108;72622
108;82789
108;107799
108;264487
108;270675
108;303023
108;305478
108;305534
108;305910
108;306384
108;306715
108;306747
108;307502
108;307513
108;308064
108;317882
108;318573
108;64169
108;591
108;8061
108;258029
108;260632
108;3914
108;5771
108;6303
108;3793
108;637
108;151
108;25718
108;4665
108;26365
108;20212
108;892294
108;682
108;33143
108;4891
108;43075
108;42963
108;302913
108;48715
108;11229
108;276215
108;39410
108;67457
108;64068
108;543247
108;307580
108;307953
108;321194
108;1084405
108;100590
108;258072
108;306368
108;65765
108;260004
108;3221
108;452
108;261930
108;229173
108;9525
108;322457
108;90799
108;377556
108;269104
108;934807
108;307955
108;259342
108;368494
109;6101
109;113615
110;467
110;362
110;112
110;316
110;419
110;587
110;631
110;700
110;789
110;927
110;3219
110;3620
110;4017
110;4069
110;5777
110;6360
110;7432
110;14599
110;15002
110;23470
110;32130
110;39657
110;40646
110;51852
110;66707
110;90462
110;99419
110;104290
110;138568
110;140317
110;181108
110;219837
110;251386
110;286359
110;316702
110;334165
110;368829
110;401853
110;435095
110;527344
110;531671
110;564928
110;645324
110;747577
110;929781
110;610032
110;49697
110;40613
110;359370
110;168689
110;905
110;161484
110;275495
110;136696
110;2957
110;31531
110;3609
110;27592
110;6361
110;127264
110;6362
110;6333
110;170677
110;3742
110;1066091
110;203090
110;564052
110;8149
110;1987
110;1004612
110;71502
110;4645
110;13974
110;138586
110;892294
110;31695
110;968935
110;3741
110;33955
110;319970
110;136839
110;530146
110;826519
110;46847
110;52081
110;126869
110;101185
110;454816
110;306368
110;238468
110;192167
110;292062
110;6501
110;22078
110;24970
110;3755
110;241462
110;761818
110;43404
110;51975
110;181110
110;28412
110;66390
110;101295
110;60362
110;850548
110;484848
110;43548
110;5821
110;240221
110;138530
110;703893
110;665478
110;409509
110;136636
110;98833
110;385144
110;461230
110;981127
110;601843
110;709313
110;506030
112;219587
112;362
112;21
112;310
112;403
112;472
112;483
112;587
112;700
112;833
112;2816
112;3051
112;3925
112;3956
112;5073
112;5760
112;6087
112;6222
112;6593
112;6642
112;7111
112;7163
112;7535
112;9060
112;9132
112;10813
112;14835
112;14998
112;15002
112;16872
112;17376
112;18333
112;20871
112;22591
112;23439
112;23572
112;23895
112;24198
112;26786
112;33293
112;43273
112;46816
112;58141
112;66498
112;75319
112;82076
112;83780
112;101477
112;105498
112;110512
112;114331
112;131141
112;135761
112;138568
112;187084
112;192290
112;208216
112;278704
112;286962
112;307319
112;307320
112;316702
112;330046
112;386828
112;389239
112;393468
112;424476
112;443649
112;463291
112;620993
112;663103
112;679872
112;646543
112;77607
112;880371
112;757292
112;759849
112;1999
112;7240
112;23322
112;16971
112;3407
112;2817
112;3659
112;285359
112;2957
112;31531
112;3609
112;3793
112;683
112;3681
112;6361
112;8026
112;6362
112;3742
112;90897
112;98808
112;585263
112;65908
112;748
112;1987
112;3539
112;4645
112;7126
112;69896
112;12689
112;2958
112;2924
112;301106
112;222644
112;437006
112;131145
112;42967
112;7628
112;71705
112;642284
112;460239
112;2923
112;32112
112;449975
112;14999
112;417492
112;69349
112;24995
112;317143
112;10950
112;167321
112;22714
112;238468
112;778960
112;32247
112;449792
112;76841
112;47109
112;387078
112;424474
112;45444
112;35384
112;86597
112;5908
112;779056
112;9192
112;173996
112;19566
112;332377
112;34409
112;1021189
112;318990
112;536434
112;209392
112;402014
112;663406
112;35871
112;126023
112;3197
112;26726
112;10290
112;139324
112;140612
112;22741
112;529115
112;637945
112;20847
112;28740
112;47551
112;19190
112;82042
112;647
112;386829
112;37688
112;37714
112;143979
112;66533
112;290563
112;183620
112;302702
112;138520
112;43405
112;424483
112;151062
114;120
114;949
114;29156
114;441446
117;20961
117;27
117;171
117;216
117;219
117;1942
117;1976
117;1977
117;1989
117;1994
117;2032
117;2964
117;3596
117;4475
117;4810
117;5072
117;7447
117;9440
117;14509
117;15218
117;38618
117;43183
117;60875
117;227444
117;301343
117;302671
117;517439
117;557
117;31570
117;7482
117;757292
117;761687
117;759849
117;6369
117;4940
117;794917
117;33298
117;2025
117;296251
117;13500
117;5935
117;48519
117;105
117;77166
117;274946
117;340082
117;60791
117;76151
117;77165
118;119
119;120
119;219
119;590
119;700
119;939
119;3332
119;5978
119;9476
119;13444
119;23663
119;186991
119;3793
119;6103
120;362
120;6
120;57
120;89
120;120
120;216
120;291
120;600
120;689
120;833
120;942
120;1718
120;2843
120;3759
120;4812
120;4860
120;5403
120;6237
120;11232
120;13444
120;14079
120;14829
120;15362
120;15621
120;16133
120;17171
120;17867
120;22087
120;25177
120;25297
120;29286
120;34678
120;34679
120;36400
120;51347
120;52474
120;54185
120;60119
120;60767
120;84801
120;87932
120;95782
120;103564
120;103872
120;123666
120;143860
120;174888
120;195765
120;198693
120;199354
120;199375
120;219837
120;238873
120;239803
120;254415
120;266611
120;320191
120;340659
120;340755
120;340757
120;340760
120;343409
120;361972
120;367662
120;402397
120;407179
120;441446
120;531100
120;532088
120;637976
120;655297
120;673097
120;696090
120;705762
120;714444
120;766132
120;783411
120;818656
120;879374
120;886764
120;3476
120;64087
120;16146
120;25220
120;30337
120;98280
120;9741
120;15232
120;1000808
120;757292
120;1998
120;3328
120;759849
120;868545
120;19654
120;43661
120;26891
120;36323
120;180360
120;234
120;4866
120;294809
120;440988
120;46018
120;1961
120;63142
120;207
120;1975
120;15034
120;43746
120;3978
120;3681
120;461094
120;97619
120;60768
120;152
120;6623
120;32118
120;7420
120;14400
120;557369
120;26365
120;66927
120;307419
120;924924
120;29350
120;284414
120;23414
120;88517
120;308703
120;557377
120;282251
120;105
120;922108
120;557365
120;532144
120;191532
120;14436
120;57546
120;29263
120;44113
120;706461
120;532311
120;585585
120;44107
120;594250
120;125027
120;190615
120;182827
120;222441
120;427582
120;59670
120;227754
120;320270
120;20414
120;43698
120;611433
120;988287
120;541798
120;52507
120;15589
120;902009
120;715039
120;570514
120;93650
120;191089
120;375489
120;116795
120;3975
120;30924
120;88346
120;600303
120;209694
120;947163
120;197340
120;39486
120;172765
120;4558
120;67777
120;954919
120;629693
120;698369
120;122077
120;39701
120;673007
120;674413
121;219587
121;4549
121;27
121;208
121;216
121;600
121;798
121;833
121;856
121;1976
121;2132
121;4037
121;5072
121;19870
121;28890
121;28917
121;29488
121;30845
121;40777
121;64291
121;101527
121;195252
121;620993
121;3328
121;312
121;207
121;430
121;5893
121;3488
121;156768
121;15797
121;20561
121;21682
121;36931
121;709862
121;32209
121;122907
121;65029
122;144
122;291
122;363
122;856
122;942
122;3047
122;4037
122;7689
122;14823
122;24298
122;29129
122;30153
122;41112
122;76042
122;87693
122;199452
122;219828
122;226935
122;525605
122;547202
122;846776
122;1005289
122;757292
122;85326
122;824342
122;129547
122;136972
122;198057
122;147425
122;239023
122;405581
122;75944
122;101535
122;238853
122;37330
122;109219
122;7322
122;37329
122;20464
122;55871
122;435690
122;24088
122;9260
122;92282
122;43819
122;52443
122;188
122;8001
122;71873
127;112
127;296
127;789
127;3016
127;28388
127;32523
127;53612
127;56760
127;56768
127;58983
127;62612
127;71489
127;80823
127;215690
127;215712
127;236592
127;237722
127;245908
127;264838
127;296817
127;307919
127;402263
127;417158
127;430122
127;501529
127;598683
127;716639
127;716641
127;954648
127;1030334
127;757292
127;759849
127;868545
127;817748
127;5316
127;593732
127;804693
127;116178
127;251397
127;224
127;2958
127;46628
127;372701
127;609586
127;7647
127;414627
127;13473
127;892894
127;573849
127;58976
127;1110989
127;313953
127;44504
127;573799
127;452328
127;1111001
127;593800
127;888906
127;208393
127;188232
127;128008
127;66398
127;747790
127;310400
127;754511
127;431165
127;316327
127;400001
127;716644
127;62613
127;536540
127;289323
127;953560
127;231492
127;70439
127;744829
127;531764
127;231491
127;187866
127;180025
127;435086
127;231494
127;530030
127;368675
127;891596
127;430718
127;9163
127;208082
129;48
129;305
129;653
129;858
129;3496
129;8522
129;118265
129;17263
129;101287
129;219592
129;219593
129;219595
129;316784
129;502310
129;46940
129;44454
129;3336
129;18603
129;28743
129;5433
129;13467
129;69942
129;324019
131;5431
131;415247
131;3493
133;60473
133;710
133;1935
133;7170
133;7751
133;13407
133;15218
133;18906
133;29187
133;219832
133;4716
133;935
133;51945
133;146
133;30454
133;7728
133;21611
133;132535
133;24338
134;299
134;351637
134;6
134;144
134;246
134;426
134;525
134;1586
134;2113
134;2843
134;15228
134;17867
134;20194
134;21276
134;30643
134;502310
134;790908
134;3476
134;19345
134;592
134;226
134;3888
134;19139
134;64224
134;5434
134;98423
134;7636
134;80699
134;677
134;202920
134;413394
134;38956
134;33108
134;5158
134;8468
134;957193
134;617380
135;20961
135;216
135;291
135;3047
135;3398
135;4733
135;10754
135;11265
135;16026
135;25679
135;32464
135;33129
135;39429
135;42054
135;52474
135;55437
135;86409
135;102046
135;164899
135;219595
135;360116
135;400390
135;427099
135;542025
135;620993
135;803282
135;285
135;3639
135;4758
135;435519
135;8377
135;300911
135;48817
135;38283
135;19070
135;323372
135;332406
135;25603
135;60432
135;435690
135;142734
135;14322
135;237736
135;220551
135;64886
135;266236
135;107945
135;18872
135;75020
135;283410
135;116664
135;5435
135;102210
135;401529
136;2138
136;48
136;62
136;103
136;218
136;219
136;425
136;505
136;513
136;525
136;800
136;858
136;939
136;2810
136;2899
136;2901
136;2949
136;3017
136;3518
136;4322
136;4484
136;5899
136;8799
136;18319
136;24512
136;25297
136;26439
136;30643
136;34685
136;72930
136;169381
136;171231
136;181112
136;197662
136;249671
136;265802
136;288430
136;323874
136;390795
136;400923
136;413580
136;502310
136;630292
136;672374
136;682271
136;772778
136;789946
136;847135
136;857588
136;350796
136;757292
136;761687
136;759849
136;771895
136;868545
136;868551
136;415569
136;847666
136;19070
136;22108
136;31142
136;744
136;414258
136;11701
136;30130
136;357695
136;2911
136;401973
136;183307
136;11624
136;21995
136;21992
136;703034
136;817467
136;17384
136;813094
136;15431
136;1091194
136;682268
136;1098049
136;41595
136;553650
142;2866
142;2922
142;3047
142;3049
142;4864
142;6593
142;9240
142;10484
142;11266
142;14075
142;25219
142;33129
142;38288
142;38293
142;43473
142;47046
142;60237
142;76527
142;109674
142;219585
142;219595
142;219828
142;620993
142;9564
142;6081
142;757292
142;51910
142;37796
142;935
142;6103
142;19125
142;5579
142;908691
142;4033
142;4867
142;122167
142;230941
142;15591
142;260259
142;60238
142;109669
142;57040
142;74243
142;14674
142;45784
142;99830
142;74929
142;847109
142;15515
142;25366
142;34112
142;16524
142;109664
142;15637
142;29576
142;97072
142;14805
142;327831
142;57790
142;109709
142;51974
142;109710
142;30832
142;13852
142;109835
142;66340
142;109834
142;109665
142;41958
142;238648
142;109708
142;109667
142;261327
142;67616
142;261298
142;109672
142;109675
142;109836
142;25732
142;50590
143;144
144;219587
144;54
144;89
144;104
144;120
144;121
144;216
144;248
144;291
144;324
144;363
144;391
144;403
144;460
144;479
144;566
144;664
144;884
144;1935
144;2133
144;2860
144;2875
144;2915
144;2964
144;2965
144;3015
144;3047
144;3048
144;3334
144;3772
144;4037
144;4062
144;4329
144;4370
144;4467
144;4743
144;4951
144;5031
144;5071
144;5103
144;5113
144;5114
144;5257
144;1022230
144;5937
144;6351
144;6593
144;6642
144;7163
144;7172
144;7638
144;7805
144;9114
144;9307
144;9645
144;10138
144;10193
144;10745
144;10985
144;11134
144;11185
144;11582
144;13023
144;13587
144;14624
144;15790
144;17332
144;17813
144;18032
144;18190
144;18438
144;19200
144;19364
144;18037
144;21230
144;22106
144;23632
144;23654
144;24298
144;34325
144;34328
144;36600
144;40647
144;55437
144;75985
144;82066
144;111163
144;120832
144;121250
144;219828
144;219832
144;223604
144;232032
144;285726
144;499244
144;833421
144;934142
144;16146
144;5115
144;75022
144;7605
144;23668
144;48728
144;312
144;6684
144;19446
144;3610
144;33724
144;13698
144;6116
144;55155
144;151
144;35670
144;317193
144;65791
144;7420
144;3794
144;285360
144;11074
144;50813
144;13255
144;5579
144;112537
144;7342
144;21945
144;6774
144;18375
144;393582
144;223601
144;14436
144;63311
144;175190
144;94263
144;413806
144;410411
144;31930
144;167568
144;276
144;99103
144;728231
144;198713
144;278680
144;430649
144;1057696
144;5512
144;267460
144;42654
144;101712
144;599339
144;52097
144;239880
144;91915
144;932057
144;443812
144;59642
144;57359
144;33224
144;86012
144;33590
146;280
146;391
146;1943
146;4475
146;4646
146;5437
146;5761
146;5789
146;7163
146;7430
146;7868
146;9476
146;19532
146;23697
146;36265
146;40643
146;233421
146;4114
146;7240
146;158772
146;6103
146;31568
146;19839
146;578
146;79445
146;25482
146;181324
146;284
146;53680
146;63044
146;23644
146;7869
146;31617
146;19821
146;299707
148;362
148;3591
148;16377
148;21656
148;21661
148;37365
148;105648
148;118232
148;67925
148;13456
149;5001
149;536385
149;325577
149;207
149;21368
149;77103
149;1988
149;809797
149;117017
149;402465
151;121
151;426
151;653
151;1586
151;1934
151;7952
151;26394
151;214943
151;3486
151;10593
151;3686
151;642
151;2114
151;69919
151;9460
151;13712
151;6660
151;7636
151;240166
151;283
151;109126
151;3928
151;1932
151;291503
151;47246
151;527915
151;23451
151;103900
151;650076
151;817
151;916370
152;121
153;219
153;823
153;908
153;3219
153;7692
153;18990
153;40839
153;45320
153;67684
153;130911
153;147811
153;205113
153;219593
153;620993
153;591
153;256781
153;180
153;226544
156;425
156;2684
156;103595
156;467299
156;648187
156;4022
156;3328
156;451125
158;219587
158;66464
158;79901
158;127816
158;172326
158;279028
158;62
158;216
158;628
158;1935
158;1942
158;1989
158;3596
158;4772
158;9424
158;21979
158;45868
158;45879
158;46183
158;47142
158;67014
158;127817
158;137607
158;219589
158;253242
158;284145
158;291287
158;430751
158;434508
158;445096
158;855580
158;557
158;19907
158;787830
158;34890
158;21683
158;19654
158;107026
158;29352
158;90484
158;45881
158;61041
158;191530
158;10933
158;819996
159;4549
159;923149
159;3601
159;4075
159;4073
159;144
159;173
159;426
159;2132
159;3195
159;4070
159;4471
159;4793
159;4978
159;7235
159;13772
159;14346
159;15210
159;18863
159;25615
159;52474
159;59302
159;65163
159;91778
159;115099
159;268933
159;481430
159;754984
159;906995
159;4807
159;339665
159;16146
159;42874
159;100355
159;3328
159;592
159;641152
159;4990
159;312
159;15226
159;55353
159;2904
159;3516
159;13927
159;44495
159;214
159;4866
159;97085
159;109478
159;2002
159;75729
159;533314
159;23965
159;114296
159;798090
159;28041
159;48849
159;766072
159;54087
159;66209
159;40994
159;20491
159;20953
159;277345
159;19465
159;12446
159;299255
159;457
159;16780
159;134488
159;1026359
159;4842
159;59311
159;77737
159;5014
159;51928
159;410411
159;770998
159;983684
159;193579
159;78689
159;34729
159;100446
159;170646
159;55267
159;284378
159;46956
159;30987
159;13980
159;306118
159;13979
159;376365
159;744122
159;47595
159;47233
159;20633
159;770991
159;391728
159;169013
159;168906
159;168899
159;343517
159;935896
159;168961
159;832124
159;344010
159;38028
159;521218
161;467
161;44408
161;46328
161;21
161;45
161;48
161;49
161;101
161;110
161;203
161;219
161;246
161;316
161;395
161;482
161;639
161;664
161;789
161;2816
161;2899
161;2901
161;3219
161;3926
161;3987
161;3997
161;4052
161;4494
161;5123
161;5127
161;5761
161;7163
161;8335
161;8460
161;14844
161;14949
161;15006
161;21488
161;21513
161;23470
161;24068
161;33242
161;36372
161;39656
161;42170
161;45060
161;51162
161;52029
161;54993
161;54995
161;63537
161;87077
161;87332
161;101179
161;104290
161;107799
161;121379
161;168397
161;184430
161;194797
161;219828
161;228051
161;242760
161;303049
161;320151
161;321327
161;334165
161;352113
161;358207
161;358742
161;365999
161;385154
161;389484
161;436664
161;450867
161;450901
161;450902
161;454190
161;504034
161;519463
161;532618
161;696802
161;727688
161;729247
161;839283
161;958927
161;791
161;591
161;24154
161;7240
161;435519
161;2002
161;547
161;3793
161;45477
161;712178
161;61010
161;459
161;315
161;69245
161;686
161;602858
161;58374
161;548
161;3285
161;42175
161;22857
161;33956
161;442949
161;945536
161;131378
161;275809
161;82842
161;617622
161;33955
161;317831
161;319970
161;761136
161;261024
161;411360
161;413946
161;384314
161;136839
161;533307
161;530146
161;167608
161;611754
161;46847
161;3011
161;303047
161;1094916
161;116662
161;6251
161;18320
161;16267
161;48899
161;983241
161;435103
161;41451
161;961017
161;506172
161;763110
161;591223
161;435084
161;887809
161;301192
161;41472
161;168110
161;465776
161;168150
